startup_id,config_version,processing_started_at,processing_completed_at,processing_duration_seconds,pipeline_version,Column 64,overall_score,threshold_used,passed_threshold,market_potential_score,market_potential_confidence,solution_viability_score,solution_viability_confidence,team_capability_score,team_capability_confidence,initial_traction_score,initial_traction_confidence,video_moderation_status,video_moderation_high_confidence_labels,transcript_inappropriate_content_found,transcript_length,transcript_word_count,email_type,is_test,Column 1,Column 2
S006,1,2025-07-03T18:17:57Z,2025-07-03T18:20:28Z,151,v1.0,dd/invest,4.25,3.25,True,4,7,4,7,4,6,5,8,APPROVED,0,False,2102,371,congratulations,False,,
S007,1,2025-07-03T17:57:56Z,2025-07-03T18:00:40Z,164,v1.0,dd/invest,4.25,3.25,True,4,7,4,6,4,8,5,9,APPROVED,0,False,3826,690,congratulations,False,,
S010,1,2025-07-03T17:23:58Z,2025-07-03T17:26:53Z,175,v1.0,dd/invest,4.0,3.25,True,4,7,4,7,4,8,4,7,APPROVED,0,False,1824,297,congratulations,False,,
S011,1,2025-07-03T19:16:02Z,2025-07-03T19:18:13Z,131,v1.0,dd/invest,4.0,3.25,True,4,6,4,7,4,6,4,7,APPROVED,0,False,1059,161,congratulations,False,,
S012,1,2025-07-03T18:13:57Z,2025-07-03T18:16:08Z,131,v1.0,dd/invest,4.0,3.25,True,4,8,4,7,4,6,4,8,APPROVED,0,False,2943,459,congratulations,False,,
S014,1,2025-07-03T19:14:01Z,2025-07-03T19:16:04Z,123,v1.0,dd,4.0,3.25,True,4,8,4,7,4,6,4,6,APPROVED,0,False,1097,173,congratulations,False,,
S016,1,2025-07-03T18:11:57Z,2025-07-03T18:14:00Z,123,v1.0,dd,4.0,3.25,True,4,7,4,6,4,6,4,8,APPROVED,0,False,755,122,congratulations,False,,
S001,1,2025-07-03T19:24:01Z,2025-07-03T19:26:24Z,143,v1.0,dd,4.0,3.25,True,4,7,4,6,4,6,4,7,APPROVED,0,False,841,144,congratulations,False,,
S018,1,2025-07-03T17:43:57Z,2025-07-03T17:48:50Z,293,v1.0,dd,4.0,3.25,True,4,8,4,8,4,8,4,8,APPROVED,0,False,10491,1636,congratulations,False,,
S019,1,2025-07-03T18:29:58Z,2025-07-03T18:33:10Z,192,v1.0,dd,4.0,3.25,True,4,7,4,7,4,7,4,8,APPROVED,0,False,4922,826,congratulations,False,,
S008,1,2025-07-03T19:46:04Z,2025-07-03T19:48:13Z,129,v1.0,initial screen,3.75,3.25,True,4,7,4,6,3,6,4,7,APPROVED,0,False,1083,169,congratulations,False,,
S027,1,2025-07-03T16:43:52Z,2025-07-03T16:47:41Z,229,v1.0,initial screen,3.75,3.25,True,4,7,4,7,4,7,3,6,APPROVED,0,False,7772,1351,congratulations,False,,
S005,1,2025-07-03T19:20:01Z,2025-07-03T19:22:06Z,125,v1.0,initial screen,3.75,3.25,True,4,7,4,6,3,5,4,7,APPROVED,0,False,1381,248,congratulations,False,,
S009,1,2025-07-03T18:55:59Z,2025-07-03T18:58:08Z,129,v1.0,initial screen,3.75,3.25,True,4,6,4,6,3,5,4,7,APPROVED,0,False,1147,209,congratulations,False,,
S013,1,2025-07-03T20:12:06Z,2025-07-03T20:16:34Z,268,v1.0,initial screen,3.75,3.25,True,4,7,4,6,3,5,4,6,APPROVED,0,False,931,149,congratulations,False,,
S028,1,2025-07-03T18:45:59Z,2025-07-03T18:48:07Z,128,v1.0,initial screen,3.75,3.25,True,4,7,3,6,4,7,4,8,APPROVED,0,False,1238,199,congratulations,False,,
S017,1,2025-07-03T17:25:54Z,2025-07-03T17:28:40Z,166,v1.0,initial screen,3.75,3.25,True,4,7,4,7,4,7,3,7,APPROVED,0,False,3040,563,congratulations,False,,
S029,1,2025-07-03T19:56:04Z,2025-07-03T19:58:14Z,130,v1.0,initial screen,3.75,3.25,True,4,6,4,6,4,6,3,6,APPROVED,0,False,814,135,congratulations,False,,
S035,1,2025-07-03T16:39:51Z,2025-07-03T16:43:07Z,196,v1.0,initial screen,3.75,3.25,True,4,7,4,7,4,7,3,7,APPROVED,0,False,5528,923,congratulations,False,,
S030,1,2025-07-03T16:51:53Z,2025-07-03T16:54:40Z,167,v1.0,initial screen,3.75,3.25,True,4,7,4,6,4,6,3,6,APPROVED,0,False,2308,396,congratulations,False,,
S031,1,2025-07-03T17:55:56Z,2025-07-03T17:58:38Z,162,v1.0,initial screen,3.75,3.25,True,4,8,4,7,4,6,3,7,APPROVED,0,False,2647,393,congratulations,False,,
S032,1,2025-07-03T19:50:04Z,2025-07-03T19:52:26Z,142,v1.0,initial screen,3.75,3.25,True,4,7,4,7,4,7,3,7,APPROVED,0,False,1073,177,congratulations,False,,
S033,1,2025-07-03T20:02:04Z,2025-07-03T20:04:16Z,132,v1.0,initial screen,3.75,3.25,True,3,6,4,7,4,7,4,8,APPROVED,0,False,793,133,congratulations,False,,
S034,1,2025-07-03T19:00:00Z,2025-07-03T19:02:12Z,132,v1.0,initial screen,3.75,3.25,True,4,7,4,6,3,5,4,7,APPROVED,0,False,1131,179,congratulations,False,,
S003,1,2025-07-03T19:10:00Z,2025-07-03T19:13:09Z,189,v1.0,initial screen,3.75,3.25,True,4,7,3,5,4,7,4,8,APPROVED,0,False,953,164,congratulations,False,,
S024,1,2025-07-03T19:02:00Z,2025-07-03T19:04:41Z,161,v1.0,initial screen,3.75,3.25,True,4,7,4,7,3,6,4,7,APPROVED,0,False,1092,183,congratulations,False,,
S043,1,2025-07-03T17:29:54Z,2025-07-03T17:32:12Z,138,v1.0,initial screen,3.5,3.25,True,4,7,4,7,3,5,3,8,APPROVED,0,False,1060,179,congratulations,False,,
S040,1,2025-07-03T18:41:59Z,2025-07-03T18:44:23Z,144,v1.0,initial screen,3.5,3.25,True,4,8,4,7,3,5,3,7,APPROVED,0,False,2323,360,congratulations,False,,
S022,1,2025-07-03T16:45:53Z,2025-07-03T16:48:32Z,159,v1.0,initial screen,3.5,3.25,True,4,7,3,6,4,6,3,6,APPROVED,0,False,1956,352,congratulations,False,,
S044,1,2025-07-03T19:42:07Z,2025-07-03T19:44:16Z,129,v1.0,initial screen,3.5,3.25,True,4,7,3,6,4,7,3,7,APPROVED,0,False,1096,178,congratulations,False,,
S036,1,2025-07-03T18:15:57Z,2025-07-03T18:18:43Z,166,v1.0,initial screen,3.5,3.25,True,4,7,3,6,4,7,3,7,APPROVED,0,False,3687,661,congratulations,False,,
S045,1,2025-07-03T17:07:53Z,2025-07-03T17:10:36Z,163,v1.0,initial screen,3.5,3.25,True,4,7,3,6,3,6,4,7,APPROVED,0,False,2562,448,congratulations,False,,
S046,1,2025-07-03T17:05:53Z,2025-07-03T17:08:03Z,130,v1.0,initial screen,3.5,3.25,True,3,6,3,6,4,6,4,7,APPROVED,0,False,1488,240,congratulations,False,,
S047,1,2025-07-03T18:01:57Z,2025-07-03T18:04:36Z,159,v1.0,initial screen,3.5,3.25,True,4,7,4,7,3,5,3,7,APPROVED,0,False,2409,376,congratulations,False,,
S048,1,2025-07-03T17:53:57Z,2025-07-03T17:56:07Z,130,v1.0,initial screen,3.5,3.25,True,3,6,4,6,4,7,3,6,APPROVED,0,False,1364,240,congratulations,False,,
S025,1,2025-07-03T18:03:57Z,2025-07-03T18:06:23Z,146,v1.0,initial screen,3.5,3.25,True,4,7,4,7,4,7,2,7,APPROVED,0,False,2308,375,congratulations,False,,
S049,1,2025-07-03T19:52:03Z,2025-07-03T19:54:16Z,133,v1.0,initial screen,3.5,3.25,True,4,7,4,6,3,5,3,6,APPROVED,0,False,954,172,congratulations,False,,
S039,1,2025-07-03T18:37:58Z,2025-07-03T18:40:03Z,125,v1.0,initial screen,3.5,3.25,True,4,7,4,7,3,5,3,7,APPROVED,0,False,1162,185,congratulations,False,,
S050,1,2025-07-03T18:05:57Z,2025-07-03T18:07:58Z,121,v1.0,initial screen,3.5,3.25,True,4,7,3,6,4,7,3,7,APPROVED,0,False,1617,270,congratulations,False,,
S051,1,2025-07-03T19:40:03Z,2025-07-03T19:42:15Z,132,v1.0,initial screen,3.5,3.25,True,4,6,4,7,3,6,3,7,APPROVED,0,False,1524,250,congratulations,False,,
S020,1,2025-07-03T17:39:55Z,2025-07-03T17:42:36Z,161,v1.0,initial screen,3.5,3.25,True,4,8,4,7,3,5,3,7,APPROVED,0,False,1994,330,congratulations,False,,
S056,1,2025-07-03T18:35:59Z,2025-07-03T18:39:51Z,232,v1.0,initial screen,3.25,3.25,True,4,7,3,6,4,7,2,7,APPROVED,0,False,4263,748,congratulations,False,,
S057,1,2025-07-03T20:16:05Z,2025-07-03T20:18:11Z,126,v1.0,initial screen,3.25,3.25,True,3,5,3,5,3,5,4,7,APPROVED,0,False,857,149,congratulations,False,,
S058,1,2025-07-03T20:14:05Z,2025-07-03T20:17:01Z,176,v1.0,initial screen,3.25,3.25,True,4,7,4,6,3,4,2,8,APPROVED,0,False,795,126,congratulations,False,,
S059,1,2025-07-03T20:28:05Z,2025-07-03T20:30:15Z,130,v1.0,initial screen,3.25,3.25,True,3,6,3,5,3,6,4,7,APPROVED,0,False,824,131,congratulations,False,,
S037,1,2025-07-03T19:18:01Z,2025-07-03T19:20:15Z,134,v1.0,initial screen,3.25,3.25,True,3,6,4,6,3,6,3,6,APPROVED,0,False,934,154,congratulations,False,,
S060,1,2025-07-03T17:21:55Z,2025-07-03T17:27:04Z,309,v1.0,initial screen,3.25,3.25,True,3,7,4,7,4,8,2,7,APPROVED,0,False,10397,1900,congratulations,False,,
S061,1,2025-07-03T17:17:54Z,2025-07-03T17:20:07Z,133,v1.0,initial screen,3.25,3.25,True,4,7,4,7,3,5,2,8,APPROVED,0,False,815,130,congratulations,False,,
S062,1,2025-07-03T17:33:55Z,2025-07-03T17:36:31Z,156,v1.0,initial screen,3.25,3.25,True,4,7,3,6,3,5,3,7,APPROVED,0,False,2337,387,congratulations,False,,
S063,1,2025-07-03T19:48:03Z,2025-07-03T19:50:14Z,131,v1.0,initial screen,3.25,3.25,True,4,7,3,5,3,5,3,6,APPROVED,0,False,871,140,congratulations,False,,
S023,1,2025-07-03T19:28:02Z,2025-07-03T19:30:05Z,123,v1.0,initial screen,3.25,3.25,True,4,7,3,6,3,5,3,6,APPROVED,0,False,893,145,congratulations,False,,
S068,1,2025-07-03T17:03:53Z,2025-07-03T17:06:21Z,148,v1.0,initial screen,3.25,3.25,True,3,7,3,6,4,7,3,7,APPROVED,0,False,1813,312,congratulations,False,,
S064,1,2025-07-03T17:27:54Z,2025-07-03T17:30:15Z,141,v1.0,initial screen,3.25,3.25,True,4,7,4,7,3,5,2,7,APPROVED,0,False,927,152,congratulations,False,,
S038,1,2025-07-03T17:13:53Z,2025-07-03T17:16:09Z,136,v1.0,initial screen,3.25,3.25,True,4,8,3,6,4,7,2,8,APPROVED,0,False,1645,289,congratulations,False,,
S065,1,2025-07-03T17:45:59Z,2025-07-03T17:48:12Z,133,v1.0,initial screen,3.25,3.25,True,3,6,4,6,3,5,3,7,APPROVED,0,False,889,156,congratulations,False,,
S066,1,2025-07-03T17:59:56Z,2025-07-03T18:02:16Z,140,v1.0,initial screen,3.25,3.25,True,3,7,3,6,4,7,3,7,APPROVED,0,False,2091,328,congratulations,False,,
S055,1,2025-07-03T20:04:04Z,2025-07-03T20:06:24Z,140,v1.0,initial screen,3.25,3.25,True,4,7,3,6,3,6,3,7,APPROVED,0,False,1263,191,congratulations,False,,
S067,1,2025-07-03T17:31:56Z,2025-07-03T17:34:03Z,127,v1.0,initial screen,3.25,3.25,True,3,6,3,6,4,7,3,8,APPROVED,0,False,1590,256,congratulations,False,,
S021,1,2025-07-03T20:08:05Z,2025-07-03T20:10:22Z,137,v1.0,initial screen,3.25,3.25,True,4,7,3,5,4,6,2,8,APPROVED,0,False,907,159,congratulations,False,,
S073,1,2025-07-03T19:58:04Z,2025-07-03T20:00:10Z,126,v1.0,improvement,3.0,3.25,False,4,7,3,5,3,5,2,7,APPROVED,0,False,1123,208,improvement,False,,
S074,1,2025-07-03T18:58:00Z,2025-07-03T19:00:10Z,130,v1.0,improvement,3.0,3.25,False,4,7,3,6,3,5,2,8,APPROVED,0,False,843,145,improvement,False,,
S075,1,2025-07-03T18:54:00Z,2025-07-03T18:56:07Z,127,v1.0,improvement,3.0,3.25,False,3,5,3,5,3,6,3,5,APPROVED,0,False,1115,175,improvement,False,,
S077,1,2025-07-03T17:41:55Z,2025-07-03T17:44:04Z,129,v1.0,improvement,3.0,3.25,False,4,6,4,6,2,5,2,7,APPROVED,0,False,1034,171,improvement,False,,
S076,1,2025-07-03T19:54:03Z,2025-07-03T19:56:10Z,127,v1.0,improvement,3.0,3.25,False,3,6,3,6,3,5,3,7,APPROVED,0,False,1247,202,improvement,False,,
S078,1,2025-07-03T16:41:51Z,2025-07-03T16:43:55Z,124,v1.0,improvement,3.0,3.25,False,3,6,3,6,3,6,3,5,APPROVED,0,False,1697,293,improvement,False,,
S079,1,2025-07-03T18:21:58Z,2025-07-03T18:24:31Z,153,v1.0,improvement,3.0,3.25,False,3,7,4,7,3,5,2,8,APPROVED,0,False,2380,377,improvement,False,,
S080,1,2025-07-03T18:31:58Z,2025-07-03T18:34:56Z,178,v1.0,improvement,3.0,3.25,False,3,7,3,6,3,7,3,7,APPROVED,0,False,2518,448,improvement,False,,
S081,1,2025-07-03T16:37:57Z,2025-07-03T16:40:28Z,151,v1.0,improvement,3.0,3.25,False,4,7,3,5,3,5,2,8,APPROVED,0,False,922,162,improvement,False,,
S054,1,2025-07-03T19:44:04Z,2025-07-03T19:46:38Z,154,v1.0,improvement,3.0,3.25,False,3,6,3,5,4,7,2,5,APPROVED,0,False,695,127,improvement,False,,
S082,1,2025-07-03T17:49:57Z,2025-07-03T17:52:00Z,123,v1.0,improvement,3.0,3.25,False,3,6,3,6,3,6,3,7,APPROVED,0,False,1667,288,improvement,False,,
S042,1,2025-07-03T19:34:02Z,2025-07-03T19:36:09Z,127,v1.0,improvement,3.0,3.25,False,4,7,3,6,2,6,3,7,APPROVED,0,False,974,165,improvement,False,,
S084,1,2025-07-03T16:59:54Z,2025-07-03T17:02:09Z,135,v1.0,improvement,3.0,3.25,False,4,7,3,6,2,6,3,7,APPROVED,0,False,1085,184,improvement,False,,
S083,1,2025-07-03T17:47:55Z,2025-07-03T17:51:18Z,203,v1.0,improvement,3.0,3.25,False,3,7,3,6,3,5,3,7,APPROVED,0,False,2199,370,improvement,False,,
S086,1,2025-07-03T17:35:55Z,2025-07-03T17:38:02Z,127,v1.0,improvement,3.0,3.25,False,4,7,3,6,3,5,2,8,APPROVED,0,False,874,157,improvement,False,,
S087,1,2025-07-03T18:39:59Z,2025-07-03T18:42:53Z,174,v1.0,improvement,3.0,3.25,False,3,6,3,6,3,7,3,7,APPROVED,0,False,1324,215,improvement,False,,
S089,1,2025-07-03T17:09:53Z,2025-07-03T17:12:49Z,176,v1.0,improvement,3.0,3.25,False,3,7,3,6,3,8,3,8,APPROVED,0,False,3687,624,improvement,False,,
S026,1,2025-07-03T19:06:00Z,2025-07-03T19:08:14Z,134,v1.0,improvement,3.0,3.25,False,3,6,3,6,4,7,2,7,APPROVED,0,False,1141,211,improvement,False,,
S090,1,2025-07-03T19:12:02Z,2025-07-03T19:14:20Z,138,v1.0,improvement,2.75,3.25,False,3,7,3,6,3,6,2,8,APPROVED,0,False,1040,178,improvement,False,,
S091,1,2025-07-03T18:51:59Z,2025-07-03T18:54:05Z,126,v1.0,improvement,2.75,3.25,False,3,6,3,5,2,6,3,6,APPROVED,0,False,1435,251,improvement,False,,
S092,1,2025-07-03T20:24:05Z,2025-07-03T20:26:21Z,136,v1.0,improvement,2.75,3.25,False,3,6,3,5,3,5,2,7,APPROVED,0,False,1228,217,improvement,False,,
S093,1,2025-07-03T20:18:05Z,2025-07-03T20:20:02Z,117,v1.0,improvement,2.75,3.25,False,3,6,3,5,2,8,3,5,APPROVED,0,False,931,146,improvement,False,,
S094,1,2025-07-03T16:55:53Z,2025-07-03T16:58:06Z,133,v1.0,improvement,2.75,3.25,False,4,7,3,6,2,5,2,8,APPROVED,0,False,1266,232,improvement,False,,
S070,1,2025-07-03T19:32:02Z,2025-07-03T19:34:16Z,134,v1.0,improvement,2.75,3.25,False,3,6,3,6,3,5,2,7,APPROVED,0,False,889,127,improvement,False,,
S085,1,2025-07-03T19:04:00Z,2025-07-03T19:06:33Z,153,v1.0,improvement,2.75,3.25,False,3,6,3,6,3,6,2,7,APPROVED,0,False,985,150,improvement,False,,
S088,1,2025-07-03T20:10:04Z,2025-07-03T20:16:44Z,400,v1.0,improvement,2.75,3.25,False,4,7,3,6,2,5,2,7,APPROVED,0,False,883,136,improvement,False,,
S095,1,2025-07-03T18:50:00Z,2025-07-03T18:52:10Z,130,v1.0,improvement,2.75,3.25,False,4,7,3,6,3,6,1,8,APPROVED,0,False,2574,416,improvement,False,,
S096,1,2025-07-03T18:44:00Z,2025-07-03T18:46:13Z,133,v1.0,improvement,2.5,3.25,False,3,6,3,6,3,5,1,8,APPROVED,0,False,1328,220,improvement,False,,
S071,1,2025-07-03T19:30:02Z,2025-07-03T19:32:04Z,122,v1.0,improvement,2.5,3.25,False,2,7,2,6,3,5,3,5,APPROVED,0,False,659,113,improvement,False,,
S097,1,2025-07-03T16:53:52Z,2025-07-03T16:56:09Z,137,v1.0,improvement,2.5,3.25,False,3,6,2,7,3,6,2,8,APPROVED,0,False,1305,213,improvement,False,,
S098,1,2025-07-03T17:15:55Z,2025-07-03T17:18:11Z,136,v1.0,improvement,2.5,3.25,False,3,6,3,6,2,8,2,8,APPROVED,0,False,909,158,improvement,False,,
S099,1,2025-07-03T18:27:59Z,2025-07-03T18:29:58Z,119,v1.0,improvement,2.5,3.25,False,3,6,3,5,2,7,2,7,APPROVED,0,False,670,119,improvement,False,,
S100,1,2025-07-03T18:07:57Z,2025-07-03T18:11:29Z,212,v1.0,improvement,2.5,3.25,False,3,6,3,7,2,7,2,7,APPROVED,0,False,5294,995,improvement,False,,
S101,1,2025-07-03T17:01:54Z,2025-07-03T17:04:04Z,130,v1.0,improvement,2.5,3.25,False,3,6,3,6,3,5,1,8,APPROVED,0,False,1225,184,improvement,False,,
S102,1,2025-07-03T20:26:05Z,2025-07-03T20:28:40Z,155,v1.0,improvement,2.5,3.25,False,3,6,3,5,2,8,2,7,APPROVED,0,False,892,133,improvement,False,,
S105,1,2025-07-03T18:33:58Z,2025-07-03T18:36:05Z,127,v1.0,improvement,2.25,3.25,False,3,6,3,5,2,7,1,9,APPROVED,0,False,767,158,improvement,False,,
S104,1,2025-07-03T20:30:06Z,2025-07-03T20:32:12Z,126,v1.0,improvement,2.25,3.25,False,3,6,3,5,2,7,1,9,APPROVED,0,False,1246,234,improvement,False,,
S106,1,2025-07-03T18:19:57Z,2025-07-03T18:22:26Z,149,v1.0,improvement,2.25,3.25,False,3,5,3,5,2,7,1,9,APPROVED,0,False,783,131,improvement,False,,
S107,1,2025-07-03T17:51:57Z,2025-07-03T17:54:08Z,131,v1.0,improvement,2.25,3.25,False,2,7,3,5,3,7,1,9,APPROVED,0,False,567,94,improvement,False,,
S069,1,2025-07-03T19:36:02Z,2025-07-03T19:38:21Z,139,v1.0,improvement,2.25,3.25,False,3,6,2,6,3,5,1,8,APPROVED,0,False,814,137,improvement,False,,
S108,1,2025-07-03T17:11:53Z,2025-07-03T17:14:29Z,156,v1.0,improvement,2.25,3.25,False,2,8,3,7,2,7,2,7,APPROVED,0,False,3862,668,improvement,False,,
S109,1,2025-07-03T18:23:58Z,2025-07-03T18:26:42Z,164,v1.0,improvement,2.0,3.25,False,2,8,2,8,2,7,2,8,APPROVED,0,False,4079,750,improvement,False,,
S110,1,2025-07-03T20:00:04Z,2025-07-03T20:02:15Z,131,v1.0,improvement,2.0,3.25,False,2,7,2,7,2,8,2,7,APPROVED,0,False,610,111,improvement,False,,
S111,1,2025-07-03T16:47:52Z,2025-07-03T16:50:05Z,133,v1.0,improvement,2.0,3.25,False,2,7,2,7,1,9,3,5,APPROVED,0,False,1692,251,improvement,False,,
S112,1,2025-07-03T17:37:55Z,2025-07-03T17:40:13Z,138,v1.0,improvement,2.0,3.25,False,2,8,2,7,3,6,1,8,APPROVED,0,False,857,148,improvement,False,,
S114,1,2025-07-03T16:49:52Z,2025-07-03T16:52:34Z,162,v1.0,improvement,2.0,3.25,False,2,7,2,5,1,8,3,5,APPROVED,0,False,231,40,improvement,False,,
S115,1,2025-07-03T18:09:58Z,2025-07-03T18:12:25Z,147,v1.0,improvement,2.0,3.25,False,2,8,2,7,2,7,2,7,APPROVED,0,False,1236,220,improvement,False,,
S103,1,2025-07-03T19:38:02Z,2025-07-03T19:40:05Z,123,v1.0,improvement,1.75,3.25,False,2,7,2,6,2,7,1,9,APPROVED,0,False,714,133,improvement,False,,
S017,1,2025-07-03T17:19:54Z,2025-07-03T17:22:07Z,133,v1.0,improvement,1.75,3.25,False,2,7,2,5,2,5,1,9,APPROVED,0,False,246,43,improvement,False,,
S116,1,2025-07-03T20:06:06Z,2025-07-03T20:08:44Z,158,v1.0,improvement,1.75,3.25,False,2,8,2,7,1,8,2,7,APPROVED,0,False,708,120,improvement,False,,
S117,1,2025-07-03T19:08:00Z,2025-07-03T19:10:13Z,133,v1.0,improvement,1.75,3.25,False,2,7,2,6,2,7,1,8,APPROVED,0,False,418,72,improvement,False,,
